target,prediction
0.30000000000000004,-0.20170004512449213
0.19999999999999996,-0.014136993904353634
0.19999999999999996,-0.0697185875081121
0.19999999999999996,-0.09522004114791627
0.19999999999999996,-0.22287335230350958
0.6,-0.07123368545959718
1.4,0.9348553170981587
1.5,1.1920444896325502
1.4,1.2236336275612476
1.2,1.006866755856565
1.4,1.258350874901981
1.3,1.0409520294931223
1.8,1.224294448280039
2.2,1.5286137217458444
2.0,1.1506068473496323
