feature,mean_importance
sepal length (cm),0.0021232638888888876
sepal width (cm),0.012693220532381384
petal length (cm),1.1314804014919926
