target,prediction
0.30000000000000004,0.35898247
0.19999999999999996,0.35898247
0.19999999999999996,0.35898247
0.19999999999999996,0.35898247
0.19999999999999996,0.35898247
0.6,0.35898247
1.4,0.7216484
1.5,1.1914865
1.4,1.755149
1.2,0.80803484
1.4,1.448465
1.3,1.219036
1.8,2.0182416
2.2,1.9273293
2.0,2.0182416
