target,prediction
0.30000000000000004,-0.08544798467668402
0.19999999999999996,0.08501435811338198
0.19999999999999996,0.07841115478397676
0.19999999999999996,0.05346858488430395
0.19999999999999996,-0.08885111720294803
0.6,0.04787022744333158
1.4,1.1211818816986763
1.5,1.3511391245622901
1.4,1.6421325333100665
1.2,1.2313972967565676
1.4,1.6380043783734677
1.3,1.2848301063635101
1.8,1.9379924873792798
2.2,2.3688563935844087
2.0,1.8386142030735901
