feature,mean_importance
sepal length (cm),-0.004110422405876953
sepal width (cm),0.011097886712240252
petal length (cm),1.1910982783972481
