feature,mean_importance
sepal length (cm),0.008622674400391168
sepal width (cm),0.013019864037591667
petal length (cm),0.9449512675277802
