feature,mean_importance
sepal length (cm),-0.003087721308199845
sepal width (cm),0.0008112315051020461
petal length (cm),0.9821610373852285
