target,prediction
0.30000000000000004,0.3373317050545096
0.19999999999999996,0.3373317050545096
0.19999999999999996,0.3373317050545096
0.19999999999999996,0.3373317050545096
0.19999999999999996,0.3373317050545096
0.6,0.3373317050545096
1.4,1.039039378744897
1.5,1.4859362284882338
1.4,1.4668883709449747
1.2,1.379143815630422
1.4,1.4859362284882338
1.3,1.245869313381924
1.8,1.8854957817512394
2.2,1.917711963340739
2.0,1.8979163205649958
