target,prediction
0.30000000000000004,0.24718747424857268
0.19999999999999996,0.2563524249135234
0.19999999999999996,0.2511532257143245
0.19999999999999996,0.25190826646936504
0.19999999999999996,0.245500072561171
0.6,0.26164264370374213
1.4,1.300068950210878
1.5,1.4072141044872202
1.4,1.4414140714642572
1.2,1.338817972342253
1.4,1.434425899359806
1.3,1.3333911169153976
1.8,1.9207440960827915
2.2,2.0866317939323165
2.0,2.116536584812717
