feature,mean_importance
sepal width (cm),0.0351302996718317
sepal length (cm),0.21870197647695644
petal length (cm),0.6497467416238093
