feature,mean_importance
sepal width (cm),0.020448567944087996
sepal length (cm),0.17428848913061096
petal length (cm),0.5459075857789015
