target,prediction
0.30000000000000004,0.2528039508815352
0.19999999999999996,0.2761587127862971
0.19999999999999996,0.2528039508815352
0.19999999999999996,0.2659587127862971
0.19999999999999996,0.2528039508815352
0.6,0.2659587127862971
1.4,1.2647338463507818
1.5,1.4314907727577082
1.4,1.4591846830141186
1.2,1.3198241060910416
1.4,1.504601349680785
1.3,1.3588360108529463
1.8,1.9395811753214303
2.2,2.1442801579008477
2.0,2.020637404277659
