target,prediction
0.30000000000000004,-0.0019524616342756484
0.19999999999999996,0.22422884957788192
0.19999999999999996,0.1250151893354683
0.19999999999999996,0.15515881740221404
0.19999999999999996,-0.05147891754684397
0.6,0.16786671943055942
1.4,1.0472344530610003
1.5,1.5966737092342589
1.4,1.7357866824933725
1.2,1.2723601234685575
1.4,1.748152198344886
1.3,1.3518462943934568
1.8,1.9727075947752666
2.2,2.5974398253894417
2.0,2.363954549720742
