target,prediction
0.3,1.2148148148148148
0.2,1.2148148148148148
0.2,1.2148148148148148
0.2,1.2148148148148148
0.2,1.2148148148148148
0.6,1.2148148148148148
1.4,1.2148148148148148
1.5,1.2148148148148148
1.4,1.2148148148148148
1.2,1.2148148148148148
1.4,1.2148148148148148
1.3,1.2148148148148148
1.8,1.2148148148148148
2.2,1.2148148148148148
2.0,1.2148148148148148
