feature,mean_importance
sepal length (cm),0.016417614219638478
sepal width (cm),0.02023884054295571
petal length (cm),0.9328393597438265
