feature,mean_importance
sepal length (cm),0.0037733435677749063
sepal width (cm),0.013106435570383056
petal length (cm),1.1724659917547264
