target,prediction
0.30000000000000004,0.21379310344827585
0.19999999999999996,0.21379310344827585
0.19999999999999996,0.21379310344827585
0.19999999999999996,0.21379310344827585
0.19999999999999996,0.21379310344827585
0.6,0.21379310344827585
1.4,1.2647058823529411
1.5,1.532258064516129
1.4,1.532258064516129
1.2,1.532258064516129
1.4,1.532258064516129
1.3,1.2647058823529411
1.8,1.9861111111111112
2.2,2.216666666666667
2.0,2.216666666666667
