target,prediction
0.30000000000000004,0.19100323934801877
0.19999999999999996,0.2687154809675616
0.19999999999999996,0.24256838608232723
0.19999999999999996,0.16207241118219984
0.19999999999999996,0.1463478966609193
0.6,0.2739726237305523
1.4,1.218443136138305
1.5,1.3257733807742267
1.4,1.6223341638699733
1.2,1.1438721773612042
1.4,1.6036613044353951
1.3,1.2680029248742113
1.8,2.092638444762172
2.2,2.423070588668015
2.0,2.1687082115159986
