feature,weight
intercept,-1.0260819708624148e-16
sepal length (cm),-0.21523108754172285
sepal width (cm),0.13787387395950912
petal length (cm),1.2070653371647744
