feature,shap_importance
petal length (cm),1.0382857041129312
sepal length (cm),0.18970875230264975
sepal width (cm),0.08770852778952593
