feature,mean_importance
sepal width (cm),0.019958850777271202
sepal length (cm),0.10933203575375232
petal length (cm),2.848340925816568
