target,prediction
0.30000000000000004,0.07630567080319328
0.19999999999999996,0.2680939119263095
0.19999999999999996,0.16521012369485288
0.19999999999999996,0.19189311238733553
0.19999999999999996,0.05160433897128347
0.6,0.21379633825150024
1.4,1.2185493333530721
1.5,1.474972718719235
1.4,1.5848509891575504
1.2,1.249346391482575
1.4,1.6060904973472168
1.3,1.3694325181668474
1.8,1.8682366092525067
2.2,2.3459300283392226
2.0,2.0996646567224775
