feature,mean_importance
sepal length (cm),-0.0030877213081998423
sepal width (cm),0.000811231505102035
petal length (cm),0.9821610373852288
