feature,mean_importance
sepal length (cm),0.007730560146203086
sepal width (cm),0.01681477899604652
petal length (cm),2.265642495789254
