feature,mean_importance
sepal length (cm),0.019619686110966192
sepal width (cm),0.025251574146361262
petal length (cm),1.7325721569199017
