feature,mean_importance
sepal width (cm),0.01279011785329028
sepal length (cm),0.015327101420472843
petal length (cm),1.5292887272717544
