feature,mean_importance
sepal length (cm),-0.008278694189609198
sepal width (cm),0.012844664216901868
petal length (cm),1.960860291025471
