feature,mean_importance
sepal length (cm),0.003603053508708201
sepal width (cm),0.007828971231415596
petal length (cm),1.491555817969172
