feature,mean_importance
random_feature,5.3561947012766706e-05
sepal width (cm),0.004408157867982481
sepal length (cm),0.012307788081326163
petal length (cm),1.2857315936321874
