feature,mean_importance
sepal length (cm),0.005688738144271402
sepal width (cm),0.015843775753340065
petal length (cm),2.2464702499039886
