feature,mean_importance
sepal length (cm),0.019736304128398913
sepal width (cm),0.024043031689196914
petal length (cm),1.7483622204051084
