target,prediction
0.30000000000000004,0.11431013923245525
0.19999999999999996,0.32265939429311463
0.19999999999999996,0.2517004935313971
0.19999999999999996,0.20240610930358316
0.19999999999999996,0.046387473492702114
0.6,0.2990536190388504
1.4,1.3200921224677138
1.5,1.4578353739587981
1.4,1.6761966791054532
1.2,1.1838237672701197
1.4,1.6626847052373066
1.3,1.3687738779786431
1.8,1.9006018540611216
2.2,1.9006018540611216
2.0,1.9006018540611216
