target,prediction
0.30000000000000004,0.2625573
0.19999999999999996,0.2898067
0.19999999999999996,0.27217314
0.19999999999999996,0.2991111
0.19999999999999996,0.2625573
0.6,0.31787285
1.4,0.90194947
1.5,1.345391
1.4,1.3819274
1.2,1.2036674
1.4,1.391146
1.3,1.2269406
1.8,1.9192582
2.2,2.156094
2.0,1.9506136
