target,prediction
0.30000000000000004,0.21135238
0.19999999999999996,0.25069585
0.19999999999999996,0.22549078
0.19999999999999996,0.27033803
0.19999999999999996,0.2193807
0.6,0.2983103
1.4,1.1427689
1.5,1.2363627
1.4,1.3579577
1.2,1.0843105
1.4,1.3874822
1.3,1.2248602
1.8,1.8714237
2.2,2.2452707
2.0,2.0159614
