target,prediction
0.30000000000000004,0.21585730150697247
0.19999999999999996,0.2567178298675009
0.19999999999999996,0.23822946059788153
0.19999999999999996,0.24010943825910924
0.19999999999999996,0.21585730150697247
0.6,0.2624815973500183
1.4,1.21021158008658
1.5,1.614297385620915
1.4,1.517186274509804
1.2,1.3858532382650028
1.4,1.614297385620915
1.3,1.2878630952380952
1.8,1.7898986928104574
2.2,2.2302083333333336
2.0,1.9862619047619048
