target,prediction
0.30000000000000004,0.24170604142245544
0.19999999999999996,0.2505179461843602
0.19999999999999996,0.24392699380340788
0.19999999999999996,0.24318066625998358
0.19999999999999996,0.24170604142245544
0.6,0.2583606095217401
1.4,1.3354705216031661
1.5,1.342700948708155
1.4,1.445199799200942
1.2,1.336170645677852
1.4,1.428542783895993
1.3,1.342700948708155
1.8,2.08886250086694
2.2,2.120847336266249
2.0,2.103982674612114
