target,prediction
0.30000000000000004,0.24117647058823477
0.19999999999999996,0.24117647058823477
0.19999999999999996,0.24117647058823477
0.19999999999999996,0.24117647058823477
0.19999999999999996,0.24117647058823477
0.6,0.24117647058823477
1.4,1.2875
1.5,1.2875
1.4,1.2875
1.2,1.2875
1.4,1.2875
1.3,1.2875
1.8,2.1339622641509433
2.2,2.1339622641509433
2.0,2.1339622641509433
