target,prediction
0.30000000000000004,0.27973055974748817
0.19999999999999996,0.27973055974748817
0.19999999999999996,0.27973055974748817
0.19999999999999996,0.27973055974748817
0.19999999999999996,0.27973055974748817
0.6,0.27973055974748817
1.4,1.2292301453171082
1.5,1.4587826438603775
1.4,1.4406207053260984
1.2,1.327096357510565
1.4,1.4587826438603775
1.3,1.2852267594131608
1.8,1.930615101612088
2.2,1.9487770401463669
2.0,1.930615101612088
