feature,mean_importance
sepal width (cm),0.05576478228986755
sepal length (cm),0.30869550296102505
petal length (cm),0.6936958399705608
