target,prediction
0.30000000000000004,0.12274620459441432
0.19999999999999996,0.2352078741303073
0.19999999999999996,0.22887285175769778
0.19999999999999996,0.1394078603454929
0.19999999999999996,0.0967684568277809
0.6,0.2382186625380216
1.4,1.120056431762405
1.5,1.3637538339531137
1.4,1.6063132614097495
1.2,1.1513486490025702
1.4,1.595107366347007
1.3,1.2543325241004892
1.8,2.0323781264735885
2.2,2.3480925190704323
2.0,1.990480752442409
