feature,mean_importance
sepal width (cm),0.02728081626387501
sepal length (cm),0.0969540947849183
petal length (cm),3.253900407750063
