feature,mean_importance
sepal width (cm),0.028408468739213953
sepal length (cm),0.06956338877937958
petal length (cm),2.2612200297270135
