feature,mean_importance
sepal width (cm),0.020416592082561625
sepal length (cm),0.0645430537560595
petal length (cm),2.485978893752739
