feature,weight
intercept,-3.170021434063604e-16
sepal length (cm),-0.20505834531581146
sepal width (cm),0.11865270262386707
petal length (cm),1.190212827445246
