feature,mean_importance
sepal width (cm),0.02050537370683548
sepal length (cm),0.09892142866055434
petal length (cm),2.9799401430742196
