target,prediction
0.30000000000000004,0.23534249938096097
0.19999999999999996,0.25425657675657654
0.19999999999999996,0.19525021986560454
0.19999999999999996,0.2507445118983579
0.19999999999999996,0.20897239512624144
0.6,0.2499858474858475
1.4,1.256450187570097
1.5,1.4404250023480794
1.4,1.4538596207713854
1.2,1.3282516339869281
1.4,1.5586620644312952
1.3,1.2694777155976251
1.8,1.7985332804450453
2.2,2.024679829973948
2.0,1.896837117131235
