target,prediction
0.30000000000000004,0.22569218
0.19999999999999996,0.2698318
0.19999999999999996,0.23329607
0.19999999999999996,0.28062424
0.19999999999999996,0.2287508
0.6,0.30609605
1.4,1.1364477
1.5,1.2342426
1.4,1.376822
1.2,1.101117
1.4,1.4007055
1.3,1.2141168
1.8,1.8688668
2.2,2.2182
2.0,2.002974
