target,prediction
0.30000000000000004,0.23869241611102066
0.19999999999999996,0.2612576335023249
0.19999999999999996,0.23869241611102066
0.19999999999999996,0.23869241611102066
0.19999999999999996,0.23869241611102066
0.6,0.2612576335023249
1.4,1.3061623376623377
1.5,1.3061623376623377
1.4,1.3739066985645934
1.2,1.3061623376623377
1.4,1.3739066985645934
1.3,1.3061623376623377
1.8,1.8650151975683888
2.2,2.031404086457278
2.0,2.031404086457278
