feature,mean_importance
sepal length (cm),0.0044860645905421045
sepal width (cm),0.01657904519536866
petal length (cm),0.912933615248907
