feature,mean_importance
sepal length (cm),-0.00033286066475923386
sepal width (cm),0.0059897012722181665
petal length (cm),0.9123525664416141
