feature,mean_importance
sepal length (cm),-0.003910422405876949
sepal width (cm),0.01109788671224023
petal length (cm),1.191198278397248
