feature,mean_importance
sepal length (cm),0.003972454678886024
sepal width (cm),0.013438287422234916
petal length (cm),1.1726651028658375
