target,prediction
0.30000000000000004,0.222132
0.19999999999999996,0.26826182
0.19999999999999996,0.23716953
0.19999999999999996,0.28236154
0.19999999999999996,0.22969463
0.6,0.30604312
1.4,1.1320317
1.5,1.2523907
1.4,1.4056872
1.2,1.095228
1.4,1.4815727
1.3,1.2199067
1.8,1.7918732
2.2,2.2225754
2.0,2.0023897
