feature,mean_importance
sepal width (cm),0.020448567944087975
sepal length (cm),0.17428848913061093
petal length (cm),0.5459075857789015
