target,prediction
0.30000000000000004,1.1923758
0.19999999999999996,1.1923758
0.19999999999999996,1.1923758
0.19999999999999996,1.1923758
0.19999999999999996,1.1923758
0.6,1.1923758
1.4,1.1923758
1.5,1.1923758
1.4,1.1923758
1.2,1.1923758
1.4,1.1923758
1.3,1.1923758
1.8,1.1923758
2.2,1.1923758
2.0,1.1923758
