target,prediction
0.30000000000000004,0.2690566211994455
0.19999999999999996,0.2697507359516609
0.19999999999999996,0.3405592875152893
0.19999999999999996,0.21808009125068806
0.19999999999999996,0.24450906926677163
0.6,0.3065453075733543
1.4,1.3490572247032337
1.5,1.4542418163608954
1.4,1.6863447265351728
1.2,1.2314855538223364
1.4,1.6929188083941304
1.3,1.3106422279440109
1.8,1.9631302785416562
2.2,2.2723965429020554
2.0,2.1244444322879223
