feature,shap_importance
petal length (cm),0.5944014004493763
sepal length (cm),0.009917308650984953
sepal width (cm),0.004323308270676691
