Learner 1,counter
1.2857315936321874,0
0.0123077880813261,0
0.0044081578679824,0
5.356194701276671e-05,1
