{
    "uid": "2efef898-85ff-4f96-ba8e-d6bde72fe380",
    "name": "5_Linear",
    "preprocessing": [
        {
            "scale": [
                {
                    "scale": [
                        0.8310568906853222,
                        0.4285432365066044,
                        1.7810809373960395
                    ],
                    "mean": [
                        5.8533333333333335,
                        3.0791666666666666,
                        3.7591666666666668
                    ],
                    "var": [
                        0.6906555555555556,
                        0.1836493055555555,
                        3.172249305555555
                    ],
                    "n_samples_seen": 120,
                    "n_features_in": 3,
                    "columns": [
                        "sepal length (cm)",
                        "sepal width (cm)",
                        "petal length (cm)"
                    ],
                    "scale_method": "scale_normal"
                }
            ],
            "scale_y": {
                "scale": [
                    0.7693065961558427
                ],
                "mean": [
                    1.209166666666667
                ],
                "var": [
                    0.5918326388888889
                ],
                "n_samples_seen": 120,
                "n_features_in": 1,
                "columns": [
                    "target"
                ],
                "scale_method": "scale_normal"
            },
            "ml_task": "regression",
            "params": {
                "columns_preprocessing": {
                    "sepal length (cm)": [
                        "scale_normal"
                    ],
                    "sepal width (cm)": [
                        "scale_normal"
                    ],
                    "petal length (cm)": [
                        "scale_normal"
                    ]
                },
                "target_preprocessing": [
                    "na_exclude",
                    "scale_normal"
                ],
                "ml_task": "regression"
            }
        },
        {
            "scale": [
                {
                    "scale": [
                        0.816821413910178,
                        0.4543952024394624,
                        1.7558218635917102
                    ],
                    "mean": [
                        5.861666666666667,
                        3.045,
                        3.7775000000000003
                    ],
                    "var": [
                        0.6671972222222223,
                        0.20647500000000002,
                        3.0829104166666665
                    ],
                    "n_samples_seen": 120,
                    "n_features_in": 3,
                    "columns": [
                        "sepal length (cm)",
                        "sepal width (cm)",
                        "petal length (cm)"
                    ],
                    "scale_method": "scale_normal"
                }
            ],
            "scale_y": {
                "scale": [
                    0.7501111028818775
                ],
                "mean": [
                    1.2
                ],
                "var": [
                    0.5626666666666668
                ],
                "n_samples_seen": 120,
                "n_features_in": 1,
                "columns": [
                    "target"
                ],
                "scale_method": "scale_normal"
            },
            "ml_task": "regression",
            "params": {
                "columns_preprocessing": {
                    "sepal length (cm)": [
                        "scale_normal"
                    ],
                    "sepal width (cm)": [
                        "scale_normal"
                    ],
                    "petal length (cm)": [
                        "scale_normal"
                    ]
                },
                "target_preprocessing": [
                    "na_exclude",
                    "scale_normal"
                ],
                "ml_task": "regression"
            }
        },
        {
            "scale": [
                {
                    "scale": [
                        0.8137089296684794,
                        0.4059890187349078,
                        1.7480447410368727
                    ],
                    "mean": [
                        5.823333333333334,
                        3.0725,
                        3.7475
                    ],
                    "var": [
                        0.6621222222222223,
                        0.16482708333333332,
                        3.055660416666667
                    ],
                    "n_samples_seen": 120,
                    "n_features_in": 3,
                    "columns": [
                        "sepal length (cm)",
                        "sepal width (cm)",
                        "petal length (cm)"
                    ],
                    "scale_method": "scale_normal"
                }
            ],
            "scale_y": {
                "scale": [
                    0.770558509567357
                ],
                "mean": [
                    1.2125
                ],
                "var": [
                    0.5937604166666667
                ],
                "n_samples_seen": 120,
                "n_features_in": 1,
                "columns": [
                    "target"
                ],
                "scale_method": "scale_normal"
            },
            "ml_task": "regression",
            "params": {
                "columns_preprocessing": {
                    "sepal length (cm)": [
                        "scale_normal"
                    ],
                    "sepal width (cm)": [
                        "scale_normal"
                    ],
                    "petal length (cm)": [
                        "scale_normal"
                    ]
                },
                "target_preprocessing": [
                    "na_exclude",
                    "scale_normal"
                ],
                "ml_task": "regression"
            }
        },
        {
            "scale": [
                {
                    "scale": [
                        0.8419867378211291,
                        0.43759998857404003,
                        1.7752550677453522
                    ],
                    "mean": [
                        5.885000000000001,
                        3.0475,
                        3.8116666666666665
                    ],
                    "var": [
                        0.7089416666666667,
                        0.19149375,
                        3.151530555555555
                    ],
                    "n_samples_seen": 120,
                    "n_features_in": 3,
                    "columns": [
                        "sepal length (cm)",
                        "sepal width (cm)",
                        "petal length (cm)"
                    ],
                    "scale_method": "scale_normal"
                }
            ],
            "scale_y": {
                "scale": [
                    0.7617505424276958
                ],
                "mean": [
                    1.2083333333333333
                ],
                "var": [
                    0.5802638888888888
                ],
                "n_samples_seen": 120,
                "n_features_in": 1,
                "columns": [
                    "target"
                ],
                "scale_method": "scale_normal"
            },
            "ml_task": "regression",
            "params": {
                "columns_preprocessing": {
                    "sepal length (cm)": [
                        "scale_normal"
                    ],