feature,weight
intercept,1.3252259791289466e-16
sepal length (cm),-0.22739561188753105
sepal width (cm),0.12038334217300006
petal length (cm),1.219121414597178
