feature,weight
intercept,-1.625110717544366e-16
sepal length (cm),-0.23591336120226836
sepal width (cm),0.12505570087909001
petal length (cm),1.2218644681484157
