feature,mean_importance
sepal width (cm),0.04077778349399068
sepal length (cm),0.1745936798836352
petal length (cm),2.7598685924746995
