feature,weight
intercept,-1.4873472872140748e-16
sepal length (cm),-0.21082026130996379
sepal width (cm),0.13341877533119018
petal length (cm),1.2036890386019308
