feature,weight
intercept,-4.664961129106221e-16
sepal length (cm),-0.2393262613142615
sepal width (cm),0.13448786568903404
petal length (cm),1.2256518193804826
