target,prediction
0.30000000000000004,0.2577516
0.19999999999999996,0.29638883
0.19999999999999996,0.26417747
0.19999999999999996,0.29985407
0.19999999999999996,0.2577516
0.6,0.31619784
1.4,0.9108039
1.5,1.3288584
1.4,1.3719283
1.2,1.188679
1.4,1.3759491
1.3,1.2277906
1.8,1.9319626
2.2,2.1687765
2.0,1.9536757
