target,prediction
0.30000000000000004,0.1768085
0.19999999999999996,0.2116709
0.19999999999999996,0.2981687
0.19999999999999996,0.2546561
0.19999999999999996,0.2546561
0.6,0.22032133
1.4,0.9130754
1.5,1.3134507
1.4,1.2800354
1.2,1.238015
1.4,1.3456295
1.3,1.2229037
1.8,1.9738717
2.2,2.0374448
2.0,2.0781858
