target,prediction
0.30000000000000004,0.16233228013478285
0.19999999999999996,0.33766912679265426
0.19999999999999996,0.2860234504979675
0.19999999999999996,0.2593383509911529
0.19999999999999996,0.11962189385541433
0.6,0.30942740816428727
1.4,1.125547823256734
1.5,1.303690945937356
1.4,1.681872412176862
1.2,1.216563323636605
1.4,1.6690650675348901
1.3,1.2647145758495584
1.8,2.1059703954069007
2.2,2.444138034034184
2.0,2.077939472368224
