target,prediction
0.30000000000000004,0.20454545454545459
0.19999999999999996,0.33478260869565213
0.19999999999999996,0.33478260869565213
0.19999999999999996,0.20454545454545459
0.19999999999999996,0.20454545454545459
0.6,0.33478260869565213
1.4,1.3548387096774195
1.5,1.3548387096774195
1.4,1.3548387096774195
1.2,1.3548387096774195
1.4,1.3548387096774195
1.3,1.3548387096774195
1.8,2.0933333333333333
2.2,2.0933333333333333
2.0,2.0933333333333333
