feature,shap_importance
petal length (cm),0.5778260788803672
sepal length (cm),0.1873361139649151
sepal width (cm),0.008987510636271017
