feature,mean_importance
sepal width (cm),0.005446567383032343
sepal length (cm),0.07639307236433256
petal length (cm),1.0513249238774516
