target,prediction
0.30000000000000004,0.17733626609793385
0.19999999999999996,0.2768697486171564
0.19999999999999996,0.2316518200114811
0.19999999999999996,0.2063760336135485
0.19999999999999996,0.12998627692889309
0.6,0.27395637067402157
1.4,1.161828805606424
1.5,1.3515475454528008
1.4,1.610706963592887
1.2,1.137657592128202
1.4,1.5976095424249896
1.3,1.2418555489155065
1.8,2.0707789663381653
2.2,2.3793963903212836
2.0,2.1341562794480797
