target,prediction
0.30000000000000004,0.3529823
0.19999999999999996,0.3529823
0.19999999999999996,0.3529823
0.19999999999999996,0.3529823
0.19999999999999996,0.3529823
0.6,0.3529823
1.4,1.0121847
1.5,1.2070773
1.4,1.4507537
1.2,1.092959
1.4,1.4427133
1.3,1.2151178
1.8,1.985326
2.2,1.9772856
2.0,1.985326
