target,prediction
0.3,0.18125000000000005
0.2,0.25454545454545463
0.2,0.18125000000000005
0.2,0.25454545454545463
0.2,0.18125000000000005
0.6,0.25454545454545463
1.4,1.1473684210526318
1.5,1.1473684210526318
1.4,1.425
1.2,1.1473684210526318
1.4,1.425
1.3,1.1473684210526318
1.8,2.1032258064516127
2.2,2.1032258064516127
2.0,2.1032258064516127
