target,prediction
0.30000000000000004,0.2725657
0.19999999999999996,0.2976041
0.19999999999999996,0.283653
0.19999999999999996,0.27846095
0.19999999999999996,0.26899377
0.6,0.29669204
1.4,1.0198379
1.5,1.3616273
1.4,1.418653
1.2,1.1852072
1.4,1.461547
1.3,1.2666138
1.8,1.9769584
2.2,2.0788496
2.0,1.9655434
