target,prediction
0.30000000000000004,0.24034402
0.19999999999999996,0.22573718
0.19999999999999996,0.22374853
0.19999999999999996,0.21555248
0.19999999999999996,0.21555248
0.6,0.24854013
1.4,1.0510471
1.5,1.3018318
1.4,1.317191
1.2,1.2033939
1.4,1.4090315
1.3,1.2454063
1.8,2.0031345
2.2,2.1757896
2.0,1.9861703
