target,prediction
0.30000000000000004,0.23411164
0.19999999999999996,0.27732262
0.19999999999999996,0.24228784
0.19999999999999996,0.28576508
0.19999999999999996,0.23411164
0.6,0.2939413
1.4,1.1629549
1.5,1.2479305
1.4,1.3778162
1.2,1.1322154
1.4,1.5138645
1.3,1.2359272
1.8,1.8921608
2.2,1.9902669
2.0,2.153994
