target,prediction
0.30000000000000004,0.26290432
0.19999999999999996,0.29177514
0.19999999999999996,0.2651547
0.19999999999999996,0.29942432
0.19999999999999996,0.26290432
0.6,0.3232927
1.4,0.9108666
1.5,1.3163731
1.4,1.3795671
1.2,1.1888942
1.4,1.3927978
1.3,1.2260987
1.8,1.9367342
2.2,2.149169
2.0,1.9396548
