target,prediction
0.30000000000000004,0.22820512820512795
0.19999999999999996,0.2817765567765568
0.19999999999999996,0.2817765567765568
0.19999999999999996,0.22820512820512795
0.19999999999999996,0.22820512820512795
0.6,0.2817765567765568
1.4,1.3018478260869566
1.5,1.3018478260869566
1.4,1.3018478260869566
1.2,1.3018478260869566
1.4,1.3018478260869566
1.3,1.3018478260869566
1.8,1.8944626295690123
2.2,2.1093810444874275
2.0,2.1093810444874275
