target,prediction
0.30000000000000004,0.2480881467233974
0.19999999999999996,0.2480881467233974
0.19999999999999996,0.2480881467233974
0.19999999999999996,0.2480881467233974
0.19999999999999996,0.2480881467233974
0.6,0.2480881467233974
1.4,1.282574086072929
1.5,1.355096697811227
1.4,1.355096697811227
1.2,1.2859608953420913
1.4,1.355096697811227
1.3,1.2859608953420913
1.8,1.961987211005515
2.2,2.1263328653511695
2.0,2.0035050681483724
