target,prediction
0.30000000000000004,0.2190740740740741
0.19999999999999996,0.268395061728395
0.19999999999999996,0.21444444444444444
0.19999999999999996,0.22709876543209861
0.19999999999999996,0.21444444444444444
0.6,0.23172839506172827
1.4,1.3901477832512315
1.5,1.3790366721401204
1.4,1.3790366721401204
1.2,1.3790366721401204
1.4,1.3790366721401204
1.3,1.3457033388067872
1.8,1.9068620689655171
2.2,2.1169523809523807
2.0,1.9794811165845647
