target,prediction
0.30000000000000004,0.03768441948198098
0.19999999999999996,0.1428813261361883
0.19999999999999996,0.17211128432378686
0.19999999999999996,0.11453511604629996
0.19999999999999996,0.04293454074340275
0.6,0.12428772089769824
1.4,1.1970638502904185
1.5,1.517363433275986
1.4,1.7702094096358347
1.2,1.2082257564291858
1.4,1.7584782513336326
1.3,1.3722108953604646
1.8,2.0909504240800607
2.2,2.397962716625859
2.0,1.8856856682429184
