target,prediction
0.30000000000000004,0.23317125
0.19999999999999996,0.2766964
0.19999999999999996,0.24450162
0.19999999999999996,0.28521803
0.19999999999999996,0.23317125
0.6,0.2965484
1.4,1.1680557
1.5,1.2416351
1.4,1.335253
1.2,1.1362236
1.4,1.5138236
1.3,1.2443782
1.8,1.8513747
2.2,1.9980646
2.0,2.1504626
