prediction,target
0.284425529830334,0.3
0.3183305277078095,0.2
0.3137281252560565,0.2
0.22866186871155786,0.2
0.25529149379406435,0.2
0.33980685494146307,0.6
1.282947729025722,1.4
1.3776967115384444,1.5
1.4562358806781819,1.4
1.2629053694328112,1.2
1.4593514484854486,1.4
1.305131628805661,1.3
1.8558222144133603,1.8
2.1888548687144413,2.2
2.012460412757731,2.0
