feature,mean_importance
sepal width (cm),0.03449788750591289
sepal length (cm),0.034671874527093
petal length (cm),1.7764116243054957
