feature,mean_importance
sepal width (cm),-0.0003274853801169597
sepal length (cm),2.0565858651382107e-05
petal length (cm),0.9720181999844696
