feature,mean_importance
sepal length (cm),0.008622674400391165
sepal width (cm),0.01087912329685091
petal length (cm),0.8924716378981505
