feature,mean_importance
sepal length (cm),-0.00411042240587695
sepal width (cm),0.011097886712240235
petal length (cm),1.1910982783972481
