feature,mean_importance
sepal width (cm),0.008781433135548309
sepal length (cm),0.016630577182601462
petal length (cm),0.8651597301141969
