target,prediction
0.30000000000000004,0.1676908170831366
0.19999999999999996,0.24750191394750443
0.19999999999999996,0.27622874908328343
0.19999999999999996,0.14695171714686772
0.19999999999999996,0.1513273711162011
0.6,0.2842837497213663
1.4,1.2189529381779887
1.5,1.3255437367572043
1.4,1.5899539566530507
1.2,1.1411123591423504
1.4,1.5587500276863817
1.3,1.274832089443401
1.8,2.007277745625397
2.2,2.795565498043458
2.0,2.198791347483551
