target,prediction
0.30000000000000004,0.26021641023093434
0.19999999999999996,0.26021641023093434
0.19999999999999996,0.26021641023093434
0.19999999999999996,0.26021641023093434
0.19999999999999996,0.26021641023093434
0.6,0.26021641023093434
1.4,1.3244989016907662
1.5,1.3244989016907662
1.4,1.3244989016907662
1.2,1.3244989016907662
1.4,1.3244989016907662
1.3,1.3244989016907662
1.8,2.0126079368248533
2.2,2.0126079368248533
2.0,2.0126079368248533
