target,prediction
0.30000000000000004,-0.19099728825812745
0.19999999999999996,0.12912448688120515
0.19999999999999996,-0.005347671326307868
0.19999999999999996,0.015684248261800038
0.19999999999999996,-0.2104837950573757
0.6,0.033599376361805655
1.4,1.0599331508293588
1.5,1.383931168033573
1.4,1.5530461923009011
1.2,1.343767906164839
1.4,1.546345776581838
1.3,1.3181498129582407
1.8,1.729272043137897
2.2,2.2295297002381185
2.0,2.209031258206961
