feature,mean_importance
sepal length (cm),0.0007937500000000042
sepal width (cm),0.006861543367346938
petal length (cm),1.1314591911764704
