feature,mean_importance
sepal length (cm),0.0010105183678500967
sepal width (cm),0.011348320687585723
petal length (cm),0.9814142604606569
