target,prediction
0.30000000000000004,0.16385256728927522
0.19999999999999996,0.1865210711212002
0.19999999999999996,0.20286034038331868
0.19999999999999996,0.07170919984011181
0.19999999999999996,0.1510089807398438
0.6,0.20202535807174016
1.4,1.1449343532181109
1.5,1.5488111800123958
1.4,1.615490026956949
1.2,1.3405621005978323
1.4,1.6451299660472505
1.3,1.404844588438387
1.8,1.7625712326915637
2.2,2.5016313507307784
2.0,2.071493817880081
