target,prediction
0.30000000000000004,0.27821288
0.19999999999999996,0.32320103
0.19999999999999996,0.27821288
0.19999999999999996,0.3214371
0.19999999999999996,0.27821288
0.6,0.32518712
1.4,1.1704626
1.5,1.2086647
1.4,1.3311306
1.2,1.058722
1.4,1.5018207
1.3,1.2895992
1.8,1.8481805
2.2,1.9454806
2.0,2.115617
