feature,mean_importance
sepal length (cm),0.010028500131834947
sepal width (cm),0.017009892419146896
petal length (cm),2.277174698523168
