feature,mean_importance
sepal width (cm),0.013615204280585163
sepal length (cm),0.014860036427658412
petal length (cm),1.5293346934593814
