feature,mean_importance
sepal length (cm),-0.01006301941579904
sepal width (cm),0.014251396514644155
petal length (cm),2.0202025553059384
