target,prediction
0.3,0.18823529411764706
0.2,0.2740740740740742
0.2,0.18823529411764706
0.2,0.2740740740740742
0.2,0.18823529411764706
0.6,0.2740740740740742
1.4,1.2897435897435898
1.5,1.2897435897435898
1.4,1.2897435897435898
1.2,1.2897435897435898
1.4,1.2897435897435898
1.3,1.2897435897435898
1.8,1.9826923076923069
2.2,1.9826923076923069
2.0,1.9826923076923069
