target,prediction
0.30000000000000004,0.24476129760899734
0.19999999999999996,0.25732799335831213
0.19999999999999996,0.2475530476822324
0.19999999999999996,0.2529940501656507
0.19999999999999996,0.24476129760899734
0.6,0.25526921860623275
1.4,1.2959825452441913
1.5,1.3526734266432794
1.4,1.3999979061964718
1.2,1.3078765405125337
1.4,1.3999979061964718
1.3,1.3156545262501091
1.8,1.9833506787291206
2.2,2.071471087134021
2.0,2.088015663138978
