target,prediction
0.30000000000000004,0.023062456401986786
0.19999999999999996,0.17832428431082614
0.19999999999999996,0.14760588235189376
0.19999999999999996,0.16263287659563974
0.19999999999999996,0.008357686201929893
0.6,0.13340535147488986
1.4,0.9838315716672458
1.5,1.3323642350670764
1.4,1.4764260119816799
1.2,1.2854326476643922
1.4,1.4622909411155476
1.3,1.278165638441064
1.8,1.6646706890009548
2.2,2.325060895802764
2.0,2.2437805519271885
