feature,mean_importance
sepal length (cm),0.003582221128056294
sepal width (cm),0.007395756818154504
petal length (cm),1.477766125756051
