feature,mean_importance
sepal length (cm),-0.0077613793604453555
sepal width (cm),0.01193732317121476
petal length (cm),1.9702162133641496
