feature,mean_importance
sepal width (cm),0.011736805694387866
sepal length (cm),0.013195009462973797
petal length (cm),1.5233709291710986
