feature,mean_importance
sepal length (cm),0.020042580365543062
sepal width (cm),0.028364318661557773
petal length (cm),1.7274328372726593
