target,prediction
0.30000000000000004,0.04231468866794241
0.19999999999999996,0.2923931058151511
0.19999999999999996,0.20563600882976396
0.19999999999999996,0.317471995200582
0.19999999999999996,-0.016766633208193493
0.6,0.21901424344987575
1.4,1.2072935991377507
1.5,1.5385496080257068
1.4,1.612386018974393
1.2,1.4186152932590301
1.4,1.642905583502458
1.3,1.4314416632352644
1.8,1.8606251170607617
2.2,2.735275820550668
2.0,2.008297334227497
