target,prediction
0.30000000000000004,0.28688089377287407
0.19999999999999996,0.2424524831297009
0.19999999999999996,0.3256526679966
0.19999999999999996,0.05290595367704398
0.19999999999999996,0.22702180396045946
0.6,0.33586039306757265
1.4,1.3271105566117405
1.5,1.4157721606324676
1.4,1.6171083291751498
1.2,1.2060486460934243
1.4,1.5876339495200935
1.3,1.3559130708200529
1.8,2.0542398168882725
2.2,2.5675714040853554
2.0,2.3317758029849194
