feature,mean_importance
sepal length (cm),-0.01742237877767547
sepal width (cm),0.011387327200401495
petal length (cm),1.6610466643137634
