target,prediction
0.30000000000000004,-0.03142658867263792
0.19999999999999996,0.23196138677699496
0.19999999999999996,0.07985152908112636
0.19999999999999996,0.10426800069695163
0.19999999999999996,-0.12486794033766024
0.6,0.17465846066213842
1.4,0.8981373151253456
1.5,1.4969150652544645
1.4,1.6415833500825792
1.2,1.2102052008811743
1.4,1.6709610146349156
1.3,1.2513256806300643
1.8,1.7764795973204937
2.2,2.2735751982285444
2.0,2.2713005519888547
