target,prediction
0.30000000000000004,0.2510309690309689
0.19999999999999996,0.26688811188811157
0.19999999999999996,0.2510309690309689
0.19999999999999996,0.26688811188811157
0.19999999999999996,0.2510309690309689
0.6,0.26688811188811157
1.4,1.2362935163996949
1.5,1.3708322369384154
1.4,1.3708322369384154
1.2,1.2878692739754525
1.4,1.3708322369384154
1.3,1.2878692739754525
1.8,1.9116286644119058
2.2,2.208189068100358
2.0,2.0757420984033885
