target,prediction
0.3,0.1866666666666667
0.2,0.2476190476190477
0.2,0.1866666666666667
0.2,0.2476190476190477
0.2,0.1866666666666667
0.6,0.2476190476190477
1.4,1.0999999999999999
1.5,1.2799999999999998
1.4,1.4714285714285715
1.2,1.0999999999999999
1.4,1.4714285714285715
1.3,1.2799999999999998
1.8,2.126666666666666
2.2,2.126666666666666
2.0,2.126666666666666
