target,prediction
0.30000000000000004,0.26683552823127754
0.19999999999999996,0.26683552823127754
0.19999999999999996,0.26683552823127754
0.19999999999999996,0.26683552823127754
0.19999999999999996,0.26683552823127754
0.6,0.26683552823127754
1.4,1.3076710009626944
1.5,1.346962768517174
1.4,1.346962768517174
1.2,1.3076710009626944
1.4,1.346962768517174
1.3,1.3076710009626944
1.8,2.019798392459068
2.2,2.019798392459068
2.0,2.019798392459068
