feature,mean_importance
sepal width (cm),0.03320561399197048
sepal length (cm),0.1701501167947404
petal length (cm),0.5291174083173683
