feature,mean_importance
sepal width (cm),0.03513029967183169
sepal length (cm),0.2187019764769565
petal length (cm),0.6497467416238093
