feature,mean_importance
sepal width (cm),0.05576478228986757
sepal length (cm),0.308695502961025
petal length (cm),0.6936958399705608
