target,prediction
0.30000000000000004,0.16447307933050492
0.19999999999999996,0.44051794390712107
0.19999999999999996,0.2357366762282499
0.19999999999999996,0.28116654220035053
0.19999999999999996,0.06384422682921453
0.6,0.3770570257911282
1.4,1.3195898015347798
1.5,1.4166534022120205
1.4,1.6020075866184276
1.2,1.3956306000940792
1.4,1.591566533490409
1.3,1.4060972407282926
1.8,1.8113513355282453
2.2,2.408833893866694
2.0,2.1132273675498316
