target,prediction
0.30000000000000004,0.24415459319682065
0.19999999999999996,0.2573688789111064
0.19999999999999996,0.24415459319682065
0.19999999999999996,0.2573688789111064
0.19999999999999996,0.24415459319682065
0.6,0.2573688789111064
1.4,1.287567229093176
1.5,1.3567030315623116
1.4,1.3567030315623116
1.2,1.287567229093176
1.4,1.3567030315623116
1.3,1.287567229093176
1.8,1.954300585755072
2.2,2.1449929960701235
2.0,1.954300585755072
