target,prediction
0.30000000000000004,0.23497674
0.19999999999999996,0.26330587
0.19999999999999996,0.23782614
0.19999999999999996,0.27421895
0.19999999999999996,0.23013571
0.6,0.2918997
1.4,0.90177375
1.5,1.3366114
1.4,1.3129436
1.2,1.115319
1.4,1.4389367
1.3,1.2119926
1.8,1.9211036
2.2,2.0329912
2.0,2.058343
