target,prediction
0.30000000000000004,0.25570515
0.19999999999999996,0.29825166
0.19999999999999996,0.26552722
0.19999999999999996,0.25700942
0.19999999999999996,0.24528858
0.6,0.29625818
1.4,1.0258805
1.5,1.344207
1.4,1.4043276
1.2,1.1664011
1.4,1.463627
1.3,1.2198433
1.8,1.9790068
2.2,2.1254313
2.0,1.9567542
