target,prediction
0.30000000000000004,0.21033763821786322
0.19999999999999996,0.23425188120618845
0.19999999999999996,0.21447935563357423
0.19999999999999996,0.2082364738654825
0.19999999999999996,0.20124406151592722
0.6,0.23980551548041085
1.4,1.2443551996157185
1.5,1.3842588310596555
1.4,1.4540926191735188
1.2,1.2505037038892228
1.4,1.4624629895438892
1.3,1.2869331474615235
1.8,1.897463318849934
2.2,2.0849109582709024
2.0,2.0497821188563483
