target,prediction
0.30000000000000004,0.24560973
0.19999999999999996,0.2947279
0.19999999999999996,0.25107393
0.19999999999999996,0.30228004
0.19999999999999996,0.24560973
0.6,0.3070499
1.4,1.1583083
1.5,1.2504613
1.4,1.3690155
1.2,1.1279523
1.4,1.5092597
1.3,1.2420219
1.8,1.9021406
2.2,1.9736483
2.0,2.143045
